<linker>
	<assembly fullname="Assembly-CSharp" ignoreIfMissing="1">
		<type fullname="Gameend">
			<method name="ResetScene"/>
			<method name="ResetScene"/>
			<method name="ResetScene"/>
			<method name="ResetScene"/>
			<method name="ResetScene"/>
		</type>
		<type fullname="LevelNavigator">
			<method name="GoBack"/>
			<method name="LoadLevel"/>
			<method name="LoadLevel"/>
			<method name="LoadLevel"/>
			<method name="LoadLevel"/>
			<method name="LoadLevel"/>
			<method name="LoadLevel"/>
		</type>
		<type fullname="MainMenu">
			<method name="ExitGame"/>
			<method name="OpenOptions"/>
			<method name="PlayGame"/>
		</type>
		<type fullname="NavigateTo">
			<method name="LoadScene"/>
			<method name="LoadScene"/>
		</type>
	</assembly>
	<assembly fullname="UnityEngine.CoreModule" ignoreIfMissing="1">
		<type fullname="UnityEngine.GameObject">
			<method name="SetActive"/>
			<method name="SetActive"/>
			<method name="SetActive"/>
			<method name="SetActive"/>
			<method name="SetActive"/>
			<method name="SetActive"/>
			<method name="SetActive"/>
			<method name="SetActive"/>
			<method name="SetActive"/>
			<method name="SetActive"/>
			<method name="SetActive"/>
			<method name="SetActive"/>
			<method name="SetActive"/>
			<method name="SetActive"/>
			<method name="SetActive"/>
			<method name="SetActive"/>
			<method name="SetActive"/>
		</type>
	</assembly>
</linker>
