<linker>
	<assembly fullname="Assembly-CSharp">
		<type fullname="AnalyticsManager" preserve="nothing"/>
		<type fullname="Blur" preserve="nothing"/>
		<type fullname="bordercheck" preserve="nothing"/>
		<type fullname="boundary" preserve="nothing"/>
		<type fullname="camfollow" preserve="nothing"/>
		<type fullname="chaseplayer" preserve="nothing"/>
		<type fullname="chec" preserve="nothing"/>
		<type fullname="checklevel2" preserve="nothing"/>
		<type fullname="CoinCounter" preserve="nothing"/>
		<type fullname="CollisionDetection" preserve="nothing"/>
		<type fullname="FOV" preserve="nothing"/>
		<type fullname="FOVEnemyRotation" preserve="nothing"/>
		<type fullname="FOVMesh" preserve="nothing"/>
		<type fullname="Gameend" preserve="nothing"/>
		<type fullname="IABehavior" preserve="nothing"/>
		<type fullname="LevelNavigator" preserve="nothing"/>
		<type fullname="MainMenu" preserve="nothing"/>
		<type fullname="NavigateTo" preserve="nothing"/>
		<type fullname="Playermovement" preserve="nothing"/>
		<type fullname="PlayerMovement" preserve="nothing"/>
		<type fullname="RewardScript" preserve="nothing"/>
		<type fullname="SendLostAnalyticOnEnable" preserve="nothing"/>
		<type fullname="Teleport" preserve="nothing"/>
		<type fullname="TurnOffCollision" preserve="nothing"/>
		<type fullname="TutorialManager" preserve="nothing"/>
		<type fullname="waypoints" preserve="nothing"/>
	</assembly>
	<assembly fullname="Unity.2D.Animation.Runtime">
		<type fullname="UnityEngine.U2D.Animation.BufferManager" preserve="nothing"/>
		<type fullname="UnityEngine.U2D.Animation.SpriteSkinComposite" preserve="nothing"/>
		<type fullname="UnityEngine.U2D.Animation.SpriteSkinUpdateHelper" preserve="nothing"/>
	</assembly>
	<assembly fullname="Unity.TextMeshPro">
		<type fullname="TMPro.TextMeshProUGUI" preserve="nothing"/>
		<type fullname="TMPro.TMP_FontAsset" preserve="nothing"/>
		<type fullname="TMPro.TMP_Settings" preserve="nothing"/>
		<type fullname="TMPro.TMP_SpriteAsset" preserve="nothing"/>
		<type fullname="TMPro.TMP_StyleSheet" preserve="nothing"/>
	</assembly>
	<assembly fullname="UnityEngine">
		<type fullname="UnityEditor.AudioManager" preserve="nothing"/>
		<type fullname="UnityEditor.InputManager" preserve="nothing"/>
		<type fullname="UnityEditor.MonoManager" preserve="nothing"/>
		<type fullname="UnityEditor.MonoScript" preserve="nothing"/>
		<type fullname="UnityEditor.Physics2DSettings" preserve="nothing"/>
		<type fullname="UnityEditor.PhysicsManager" preserve="nothing"/>
		<type fullname="UnityEditor.PlayerSettings" preserve="nothing"/>
		<type fullname="UnityEditor.TagManager" preserve="nothing"/>
		<type fullname="UnityEditor.TimeManager" preserve="nothing"/>
		<type fullname="UnityEditor.VFXManager" preserve="nothing"/>
		<type fullname="UnityEngine.AudioBehaviour" preserve="nothing"/>
		<type fullname="UnityEngine.AudioListener" preserve="nothing"/>
		<type fullname="UnityEngine.Behaviour" preserve="nothing"/>
		<type fullname="UnityEngine.BoxCollider2D" preserve="nothing"/>
		<type fullname="UnityEngine.Camera" preserve="nothing"/>
		<type fullname="UnityEngine.Canvas" preserve="nothing"/>
		<type fullname="UnityEngine.CanvasRenderer" preserve="nothing"/>
		<type fullname="UnityEngine.CircleCollider2D" preserve="nothing"/>
		<type fullname="UnityEngine.Collider2D" preserve="nothing"/>
		<type fullname="UnityEngine.Component" preserve="nothing"/>
		<type fullname="UnityEngine.Font" preserve="nothing"/>
		<type fullname="UnityEngine.GameObject" preserve="nothing"/>
		<type fullname="UnityEngine.LightmapSettings" preserve="nothing"/>
		<type fullname="UnityEngine.Material" preserve="nothing"/>
		<type fullname="UnityEngine.MonoBehaviour" preserve="nothing"/>
		<type fullname="UnityEngine.Object" preserve="nothing"/>
		<type fullname="UnityEngine.QualitySettings" preserve="nothing"/>
		<type fullname="UnityEngine.RectTransform" preserve="nothing"/>
		<type fullname="UnityEngine.Renderer" preserve="nothing"/>
		<type fullname="UnityEngine.Rendering.GraphicsSettings" preserve="nothing"/>
		<type fullname="UnityEngine.RenderSettings" preserve="nothing"/>
		<type fullname="UnityEngine.Rigidbody2D" preserve="nothing"/>
		<type fullname="UnityEngine.Shader" preserve="nothing"/>
		<type fullname="UnityEngine.Sprite" preserve="nothing"/>
		<type fullname="UnityEngine.SpriteRenderer" preserve="nothing"/>
		<type fullname="UnityEngine.TextAsset" preserve="nothing"/>
		<type fullname="UnityEngine.Texture" preserve="nothing"/>
		<type fullname="UnityEngine.Texture2D" preserve="nothing"/>
		<type fullname="UnityEngine.Transform" preserve="nothing"/>
	</assembly>
	<assembly fullname="UnityEngine.UI">
		<type fullname="UnityEngine.EventSystems.EventSystem" preserve="nothing"/>
		<type fullname="UnityEngine.EventSystems.StandaloneInputModule" preserve="nothing"/>
		<type fullname="UnityEngine.UI.Button" preserve="nothing"/>
		<type fullname="UnityEngine.UI.CanvasScaler" preserve="nothing"/>
		<type fullname="UnityEngine.UI.GraphicRaycaster" preserve="nothing"/>
		<type fullname="UnityEngine.UI.Image" preserve="nothing"/>
	</assembly>
</linker>
